YEAR,MONTH,DAY,HOUR,MINUTE,SECOND,CAUSE_CODE,FOCAL_DEPTH,LATITUDE,LONGITUDE,PRIMARY_MAGNITUDE,COUNTRY,EVENT_VALIDITY
1586,7.0,10.0,0.0,30.0,,1.0,60.0,-12.3,-77.7,8.5,PERU,4
1604,11.0,24.0,18.0,30.0,,1.0,30.0,-17.88,-70.94,8.5,PERU,4
1674,2.0,17.0,11.0,30.0,,1.0,40.0,-3.75,127.75,6.8,INDONESIA,4
1687,10.0,20.0,10.0,30.0,,1.0,30.0,-13.5,-76.5,8.5,PERU,4
1746,10.0,29.0,3.0,30.0,,1.0,30.0,-11996,-77198,8.0,PERU,4
1783,2.0,5.0,12.0,0.0,,1.0,13.0,38.3,15967,6.9,ITALY,4
1841,5.0,17.0,21.0,30.0,,1.0,30.0,52,158,8.4,RUSSIA,4
1843,2.0,8.0,14.0,50.0,,1.0,33.0,16.5,-62.2,8.3,GUADELOUPE (FRENCH TERRITORY),4
1852,11.0,25.0,22.0,40.0,,1.0,100.0,-5.25,129.75,8.3,INDONESIA,4
1867,11.0,18.0,18.0,45.0,,1.0,33.0,18.1,-65.1,7.5,USA TERRITORY,4
1868,8.0,13.0,21.0,30.0,,1.0,25.0,-18.6,-71,8.5,CHILE,4
1868,10.0,18.0,12.0,35.0,,1.0,12.0,-40.2,173,7.6,NEW ZEALAND,4
1872,3.0,14.0,8.0,20.0,,1.0,33.0,34.9,132,7.4,JAPAN,4
1889,9.0,6.0,12.0,,,1.0,70.0,1,126.25,8.0,INDONESIA,4
1897,2.0,19.0,20.0,50.0,,1.0,33.0,38.1,141.9,7.4,JAPAN,4
1897,9.0,21.0,5.0,12.0,,1.0,33.0,6,122,8.7,PHILIPPINES,4
1901,8.0,9.0,9.0,23.0,30.0,1.0,33.0,40.5,142.5,7.2,JAPAN,4
1901,8.0,9.0,18.0,33.0,45.0,1.0,33.0,40.6,142.3,7.4,JAPAN,4
1901,8.0,9.0,20.0,0.0,,1.0,33.0,40.5,142.5,6.3,JAPAN,4
1904,6.0,25.0,14.0,45.0,36.0,1.0,30.0, RUSSIA,52,8.3,RUSSIA,4
1905,9.0,8.0,1.0,43.0,11.0,1.0,15.0,38.67,16.07,7.1,ITALY,4
1906,1.0,31.0,15.0,35.0,51.0,1.0,25.0,1,-81.5,8.8,ECUADOR,4
1906,9.0,14.0,16.0,4.0,18.0,1.0,33.0,-7,149,8.0,PAPUA NEW GUINEA,4
1907,1.0,4.0,5.0,19.0,12.0,1.0,50.0,2,94.5,7.6,INDONESIA,4
1908,9.0,21.0,6.0,31.0,,1.0,33.0,19,-155,6.8,USA,4
1909,3.0,13.0,14.0,29.0,,1.0,80.0,34.5,141.5,7.5,JAPAN,4
1909,8.0,14.0,6.0,30.0,0.0,1.0,33.0, JAPAN,35.4,6.9,JAPAN,4
1909,12.0,9.0,23.0,28.0,,1.0,100.0, MARIANA ISLANDS,12.5,8.0,USA TERRITORY,4
1911,6.0,15.0,14.0,26.0,,1.0,160.0,28,130,8.0,JAPAN,4
1913,10.0,11.0,4.0,6.0,3.0,1.0,33.0,-7,148,7.0,PAPUA NEW GUINEA,4
1914,5.0,26.0,14.0,22.0,47.7,1.0,15.0,-1829,136943,8.1,INDONESIA,4
1915,11.0,1.0,7.0,23.0,43.0,1.0,60.0,38.3,142.9,7.8,JAPAN,4
1916,4.0,26.0,2.0,21.0,52.0,1.0,25.0,9.6,-82,7.0,PANAMA,4
1917,5.0,1.0,18.0,27.0,,1.0,60.0,-29.2,-177,8.0,NEW ZEALAND,4
1917,5.0,6.0,12.0,19.0,,1.0,33.0,23.2,121.6,5.8,TAIWAN,4
1917,6.0,26.0,5.0,49.0,42.0,1.0,25.0,-15.5,-173,8.3,SAMOA,4
1918,8.0,15.0,12.0,18.0,12.0,1.0,33.0,5.5,123,8.3,PHILIPPINES,4
1918,9.0,7.0,17.0,16.0,,1.0,33.0,45.5,151.5,8.2,RUSSIA,4
1918,11.0,8.0,4.0,38.0,,1.0,33.0,44.5,151.5,7.8,RUSSIA,4
1918,12.0,4.0,11.0,47.0,48.0,1.0,33.0,-26,-71,7.8,CHILE,4
1919,4.0,30.0,7.0,17.0,17.3,1.0,25.0,-18352,-172515,8.1,TONGA,4
1922,11.0,11.0,4.0,32.0,36.0,1.0,35.0,-28553,-70755,8.7,CHILE,4
1923,2.0,3.0,16.0,1.0,41.0,1.0,19.0,54,161,8.3,RUSSIA,4
1923,4.0,13.0,15.0,31.0,2.0,1.0,20.0,56.5,162.5,7.2,RUSSIA,4
1923,6.0,1.0,17.0,24.0,0.0,1.0,40.0, JAPAN,35.4,7.3,JAPAN,4
1923,9.0,1.0,2.0,58.0,37.0,1.0,33.0,35.1,139.5,7.9,JAPAN,4
1923,9.0,2.0,2.0,46.0,40.0,1.0,20.0,34.9,140.2,7.7,JAPAN,4
1926,9.0,16.0,17.0,59.0,15.0,1.0,35.0,-9674,159519,6.9,SOLOMON ISLANDS,4
1927,6.0,26.0,11.0,20.0,48.0,1.0,27.0, BLACK SEA,44.4,6.0,UKRAINE,4
1927,8.0,5.0,21.0,13.0,1.1,1.0,10.0,37.9,142,6.9,JAPAN,4
1927,8.0,18.0,19.0,28.0,,1.0,20.0, JAPAN,34.2,6.4,JAPAN,4
1927,9.0,11.0,22.0,15.0,48.0,1.0,17.0, BLACK SEA,44.4,6.8,UKRAINE,4
1927,11.0,4.0,13.0,50.0,43.0,1.0,10.0,34813,-120774,7.3,USA,4
1927,12.0,28.0,18.0,20.0,34.2,1.0,35.0,55663,160039,7.5,RUSSIA,4
1928,3.0,22.0,4.0,17.0,,1.0,60.0,15.67,-96.1,7.7,MEXICO,4
1928,5.0,27.0,9.0,50.0,0.0,1.0,40.0,40,143.2,7.0,JAPAN,4
1928,6.0,17.0,3.0,19.0,33.1,1.0,35.0,16028,-97036,7.7,MEXICO,4
1929,3.0,7.0,1.0,34.0,37.9,1.0,50.0, ALEUTIAN ISLANDS, AK,7.8,USA,4
1929,5.0,21.0,16.0,35.0,,1.0,30.0,31.7,132.2,7.1,JAPAN,4
1930,12.0,23.0,21.0,35.0,36.0,1.0,33.0,-1.3,144.3,6.5,PAPUA NEW GUINEA,4
1931,3.0,9.0,3.0,49.0,0.0,1.0,60.0,41.2,142.5,7.6,JAPAN,4
1931,10.0,3.0,19.0,13.0,20.8,1.0,35.0,-10932,161016,7.8,SOLOMON ISLANDS,4
1931,11.0,2.0,10.0,2.0,,1.0,40.0,32.2,132.1,7.1,JAPAN,4
1932,6.0,3.0,10.0,36.0,50.0,1.0,33.0,19.5,-104.25,8.1,MEXICO,4
1932,6.0,18.0,10.0,12.0,16.1,1.0,54.0,19452,-103632,7.9,MEXICO,4
1932,6.0,22.0,12.0,59.0,24.0,1.0,33.0,19,-104.5,7.0,MEXICO,4
1933,3.0,2.0,17.0,31.0,0.9,1.0,35.0,39224,144622,8.4,JAPAN,4
1933,6.0,18.0,21.0,37.0,0.0,1.0,20.0,38.1,142.4,7.1,JAPAN,4
1934,2.0,14.0,3.0,59.0,34.0,1.0,55.0,17.5,119,7.9,PHILIPPINES,4
1934,11.0,30.0,2.0,5.0,10.0,1.0,5.0,18.5,-105.5,7.0,MEXICO,4
1935,10.0,12.0,16.0,45.0,0.0,1.0,10.0,39.9,143.7,7.2,JAPAN,4
1935,10.0,18.0,0.0,11.0,0.0,1.0,10.0,40.7,144.3,7.0,JAPAN,4
1936,4.0,1.0,2.0,9.0,15.0,1.0,60.0,4.5,126.5,7.7,INDONESIA,4
1936,7.0,13.0,11.0,12.0,15.0,1.0,60.0,-24.5,-70,7.3,CHILE,4
1936,11.0,2.0,20.0,46.0,0.0,1.0,40.0,38.2,142.2,7.7,JAPAN,4
1938,6.0,10.0,9.0,53.0,44.6,1.0,35.0,25321,125115,7.6,JAPAN,4
1938,11.0,5.0,8.0,43.0,21.0,1.0,30.0,37.1,141.7,7.7,JAPAN,4
1938,11.0,5.0,10.0,50.0,15.0,1.0,30.0,37.2,141.7,7.6,JAPAN,4
1938,11.0,6.0,8.0,53.0,53.0,1.0,0.0,37.5,141.8,7.5,JAPAN,4
1938,11.0,6.0,21.0,38.0,47.0,1.0,20.0,37,141.7,7.1,JAPAN,4
1938,11.0,10.0,20.0,18.0,41.2,1.0,25.0, AK,55.48,8.2,USA,4
1938,11.0,13.0,22.0,31.0,,1.0,60.0,37,141.5,6.0,JAPAN,4
1938,11.0,22.0,1.0,14.0,0.0,1.0,10.0,36.7,142.1,6.9,JAPAN,4
1938,11.0,30.0,2.0,29.0,0.0,1.0,50.0,37,142.2,7.0,JAPAN,4
1939,3.0,20.0,3.0,22.0,,1.0,20.0,32.3,132,6.6,JAPAN,4
1939,5.0,8.0,1.0,46.0,52.9,1.0,16.0,37053,-24427,6.5,PORTUGAL,4
1939,12.0,26.0,23.0,57.0,22.6,1.0,35.0,39.77,39533,7.7,TURKEY,4
1940,8.0,1.0,15.0,8.0,24.0,1.0,10.0,44.2,139.5,7.5,JAPAN,4
1941,1.0,13.0,16.0,27.0,44.7,1.0,15.0,-4175,152071,7.4,PAPUA NEW GUINEA,4
1941,6.0,26.0,11.0,52.0,,1.0,55.0, E. COAST INDIA,12.5,7.6,INDIA,4
1941,11.0,18.0,16.0,46.0,,1.0,10.0,32,132.1,7.4,JAPAN,4
1943,4.0,6.0,16.0,7.0,15.0,1.0,35.0,-30.75,-72,8.2,CHILE,4
1943,6.0,13.0,5.0,12.0,0.0,1.0,20.0,41.2,143.3,7.1,JAPAN,4
1944,12.0,7.0,4.0,35.0,,1.0,30.0,34,137.1,8.1,JAPAN,4
1945,1.0,12.0,18.0,38.0,,1.0,33.0,34.7,137.2,7.1,JAPAN,4
1945,2.0,10.0,4.0,57.0,0.0,1.0,20.0,40.9,142.1,7.3,JAPAN,4
1946,8.0,4.0,17.0,51.0,5.0,1.0,15.0,19.25,-69,7.9,DOMINICAN REPUBLIC,4
1946,8.0,8.0,13.0,28.0,33.8,1.0,15.0,19.5,-69.5,7.5,DOMINICAN REPUBLIC,4
1946,12.0,20.0,19.0,19.0,5.0,1.0,20.0,33,135.6,8.1,JAPAN,4
1947,5.0,17.0,7.0,6.0,0.0,1.0,12.0,-38.42,178.88,6.9,NEW ZEALAND,4
1947,11.0,4.0,0.0,9.0,10.0,1.0,33.0,43.8,141,7.0,JAPAN,4
1948,2.0,9.0,12.0,58.0,13.0,1.0,40.0, KARPATHOS IS.,35.5,7.1,GREECE,4
1948,4.0,17.0,16.0,11.0,0.0,1.0,40.0,33.1,135.6,7.2,JAPAN,4
1948,4.0,22.0,10.0,42.0,47.1,1.0,15.0,38532,20427,6.5,GREECE,4
1948,9.0,8.0,15.0,9.0,0.0,1.0,33.0,-21,-174,7.8,TONGA,4
1949,1.0,27.0,11.0,0.0,0.0,1.0,150.0,54.6,163.5,5.9,RUSSIA,4
1949,10.0,19.0,21.0,0.0,19.0,1.0,60.0,-5.5,154,7.5,PAPUA NEW GUINEA,4
1950,10.0,5.0,16.0,9.0,31.0,1.0,33.0,11,-85,7.7,COSTA RICA,4
1950,10.0,23.0,16.0,13.0,20.0,1.0,65.0,14.31,-91917,7.5,GUATEMALA,4
1950,12.0,14.0,14.0,15.0,49.0,1.0,50.0,16.48,-98.22,7.5,MEXICO,4
1951,8.0,21.0,10.0,57.0,0.0,1.0,12.0,19.5,-156,6.9,USA,4
1951,10.0,22.0,5.0,43.0,1.0,1.0,21.0,23.8,121.7,7.3,TAIWAN,4
1952,3.0,4.0,1.0,22.0,41.0,1.0,45.0,42.15,143.85,8.1,JAPAN,4
1952,3.0,9.0,17.0,4.0,0.0,1.0,20.0,41.7,143.6,7.0,JAPAN,4
1952,3.0,17.0,3.0,58.0,0.0,1.0,33.0,19.1,-155,4.5,USA,4
1952,3.0,19.0,10.0,57.0,12.0,1.0,25.0, PHILIPPINES,9.5,7.8,PHILIPPINES,4
1952,11.0,4.0,16.0,58.0,27.9,1.0,22.0,52755,160057,9.0,RUSSIA,4
1953,11.0,25.0,17.0,48.0,,1.0,60.0, JAPAN,34,7.4,JAPAN,4
1953,12.0,12.0,17.0,31.0,25.0,1.0,30.0,-3.4,-80.6,7.4,PERU,4
1954,11.0,18.0,20.0,44.0,55.0,1.0,30.0, JAPAN,38.9,6.1,JAPAN,4
1955,4.0,19.0,20.0,24.0,5.0,1.0,30.0,-30,-72,7.1,CHILE,4
1956,3.0,5.0,23.0,29.0,,1.0,20.0,44.3,144.1,6.3,JAPAN,4
1956,7.0,9.0,3.0,11.0,39.0,1.0,20.0,36.9,26,7.8,GREECE,4
1957,3.0,9.0,14.0,22.0,31.9,1.0,33.0, AK,51292,8.6,USA,4
1957,7.0,28.0,8.0,40.0,1.0,1.0,25.0,16.5,-99.1,7.9,MEXICO,4
1958,1.0,19.0,14.0,7.0,27.0,1.0,60.0,1.5,-79.5,7.6,ECUADOR,4
1958,11.0,6.0,22.0,58.0,8.6,1.0,40.0,44.53,148.54,8.3,RUSSIA,4
1959,1.0,22.0,5.0,10.0,0.0,1.0,40.0,37.5,142.2,6.8,JAPAN,4
1959,5.0,4.0,7.0,15.0,42.0,1.0,60.0,52.5,159.5,8.2,RUSSIA,4
1959,8.0,17.0,21.0,4.0,40.0,1.0,33.0,-7.5,156,7.3,SOLOMON ISLANDS,4
1959,10.0,26.0,7.0,35.0,0.0,1.0,10.0,37.5,143.2,6.7,JAPAN,4
1960,3.0,20.0,17.0,7.0,30.0,1.0,20.0,39.8,143.4,7.5,JAPAN,4
1960,3.0,23.0,0.0,23.0,,1.0,20.0,39.4,143.7,6.7,JAPAN,4
1960,5.0,21.0,10.0,2.0,50.0,1.0,35.0,-37872,-73243,8.2,CHILE,4
1960,5.0,22.0,19.0,11.0,17.0,1.0,33.0,-38143,-73407,9.5,CHILE,4
1960,7.0,29.0,17.0,31.0,45.0,1.0,30.0,40.3,142.5,6.7,JAPAN,4
1961,1.0,16.0,7.0,20.0,0.0,1.0,40.0, JAPAN,36,6.8,JAPAN,4
1961,1.0,16.0,11.0,19.0,0.0,1.0,20.0, JAPAN,36,6.4,JAPAN,4
1961,1.0,16.0,12.0,12.0,0.0,1.0,20.0, JAPAN,36.2,6.5,JAPAN,4
1961,2.0,12.0,21.0,53.0,0.0,1.0,80.0,43.2,147.9,6.6,RUSSIA,4
1961,2.0,26.0,18.0,10.0,48.7,1.0,74.0,31.6,131.8,7.6,JAPAN,4
1961,7.0,18.0,14.0,4.0,0.0,1.0,60.0,29.6,131.8,6.6,JAPAN,4
1961,8.0,11.0,15.0,51.0,0.0,1.0,80.0,42.9,145.6,7.0,JAPAN,4
1961,11.0,15.0,7.0,17.0,0.0,1.0,60.0,42.7,145.7,6.9,JAPAN,4
1962,4.0,12.0,0.0,52.0,43.0,1.0,25.0,38073,142741,7.2,JAPAN,4
1962,4.0,23.0,5.0,58.0,0.0,1.0,60.0,42.2,143.9,7.0,JAPAN,4
1962,5.0,11.0,14.0,11.0,54.1,1.0,40.0,17.2,-99.6,7.0,MEXICO,4
1963,2.0,13.0,8.0,50.0,4.5,1.0,47.0,24.4,122.1,7.3,TAIWAN,4
1963,10.0,12.0,11.0,27.0,0.2,1.0,48.0,44426,149272,7.1,RUSSIA,4
1963,10.0,13.0,5.0,17.0,53.4,1.0,13.0,44772,149798,8.5,RUSSIA,4
1963,10.0,20.0,0.0,53.0,10.9,1.0,28.0,44772,150563,7.9,RUSSIA,4
1964,5.0,7.0,7.0,58.0,0.0,1.0,30.0,40.3,139,6.9,JAPAN,4
1964,6.0,16.0,4.0,1.0,44.3,1.0,40.0,38.65,139.2,7.5,JAPAN,4
1964,7.0,24.0,8.0,12.0,39.0,1.0,15.0,47159,153876,6.8,RUSSIA,4
1964,12.0,10.0,15.0,11.0,7.6,1.0,40.0,40.4,138.9,6.3,JAPAN,4
1965,1.0,24.0,0.0,11.0,12.1,1.0,6.0,-2.4,126.1,7.6,INDONESIA,4
1965,2.0,4.0,5.0,1.0,21.6,1.0,36.0, ALEUTIAN ISLANDS, AK,8.7,USA,4
1965,3.0,30.0,2.0,27.0,3.4,1.0,20.0, ALEUTIAN ISLANDS, AK,7.6,USA,4
1965,7.0,2.0,20.0,58.0,38.1,1.0,40.0, ALEUTIAN ISLANDS, AK,6.5,USA,4
1965,8.0,11.0,22.0,31.0,45.9,1.0,13.0,-15.8,167.2,7.0,VANUATU,4
1966,10.0,17.0,21.0,41.0,56.0,1.0,38.0,-10748,-78638,8.1,PERU,4
1966,12.0,28.0,8.0,18.0,7.4,1.0,47.0,-25.5,-70.7,7.8,CHILE,4
1966,12.0,31.0,18.0,23.0,11.1,1.0,83.0,-11893,166445,7.8,SOLOMON ISLANDS,4
1966,12.0,31.0,22.0,15.0,16.6,1.0,23.0,-12334,166684,7.2,SOLOMON ISLANDS,4
1967,7.0,29.0,23.0,59.0,58.7,1.0,10.0,10.6,-67.3,6.5,VENEZUELA,4
1967,8.0,13.0,22.0,15.0,10.0,1.0,30.0,-4.4,152.5,6.4,PAPUA NEW GUINEA,4
1968,1.0,29.0,10.0,19.0,7.2,1.0,40.0,43586,146701,7.3,RUSSIA,4
1968,2.0,19.0,22.0,45.0,45.7,1.0,15.0, NORTH AEGEAN SEA,39368,7.2,GREECE,4
1968,4.0,1.0,0.0,42.0,4.2,1.0,30.0,32.3,132.5,7.5,JAPAN,4
1968,4.0,18.0,19.0,38.0,15.0,1.0,7.0,44.08,8,4.6,ITALY,4
1968,5.0,16.0,0.0,48.0,55.4,1.0,7.0,40.8,143.2,8.2,JAPAN,4
1968,5.0,16.0,10.0,39.0,1.6,1.0,33.0,41.5,142.7,7.5,JAPAN,4
1968,6.0,12.0,13.0,41.0,50.7,1.0,44.0,39.4,143.1,7.2,JAPAN,4
1968,8.0,1.0,20.0,19.0,21.9,1.0,36.0,16.5,122.2,7.3,PHILIPPINES,4
1968,8.0,10.0,2.0,7.0,4.3,1.0,25.0,1.4,126.2,7.6,INDONESIA,4
1968,8.0,14.0,22.0,14.0,19.4,1.0,23.0,.2,119.8,7.8,INDONESIA,4
1968,9.0,3.0,8.0,19.0,52.2,1.0,38.0,41.8,32.3,6.6,TURKEY,4
1969,2.0,23.0,0.0,36.0,56.6,1.0,13.0,-3.1,118.9,6.9,INDONESIA,4
1969,2.0,28.0,2.0,40.0,32.5,1.0,22.0,36017,-10.95,7.8,PORTUGAL,4
1969,4.0,21.0,7.0,19.0,,1.0,41.0,32.2,132.1,6.5,JAPAN,4
1969,8.0,11.0,21.0,26.0,36.0,1.0,30.0,43.6,147.9,8.2,RUSSIA,4
1969,11.0,22.0,23.0,9.0,37.0,1.0,51.0,57.7,163.6,7.7,RUSSIA,4
1969,12.0,25.0,21.0,32.0,27.3,1.0,7.0,15.8,-59.7,7.2,GUADELOUPE (FRENCH TERRITORY),4
1970,1.0,10.0,12.0,7.0,8.6,1.0,73.0,6.8,126.7,7.6,PHILIPPINES,4
1970,3.0,11.0,22.0,38.0,34.6,1.0,29.0, AK,57.5,6.0,USA,4
1970,5.0,31.0,20.0,23.0,27.3,1.0,43.0,-9.2,-78.8,7.9,PERU,4
1970,7.0,25.0,22.0,41.0,10.7,1.0,34.0,32.2,131.7,7.0,JAPAN,4
1970,12.0,4.0,1.0,59.0,25.0,1.0,7.0,43.84,39.34,5.1,RUSSIA,4
1971,5.0,2.0,6.0,8.0,27.8,1.0,30.0, AK,51228,7.1,USA,4
1971,7.0,9.0,3.0,3.0,18.7,1.0,58.0,-32.5,-71.2,7.8,CHILE,4
1971,7.0,14.0,6.0,11.0,29.1,1.0,47.0,-5.5,153.9,7.9,PAPUA NEW GUINEA,4
1971,7.0,26.0,1.0,23.0,21.3,1.0,48.0,-4.9,153.2,7.9,PAPUA NEW GUINEA,4
1971,8.0,2.0,7.0,24.0,56.8,1.0,51.0,41.4,143.5,7.3,JAPAN,4
1971,9.0,5.0,18.0,35.0,25.0,1.0,9.0,46.5,141.2,7.1,RUSSIA,4
1971,9.0,6.0,13.0,37.0,10.8,1.0,29.0,46.7,141.4,5.5,RUSSIA,4
1971,9.0,8.0,11.0,48.0,23.4,1.0,6.0,46.4,141.1,6.6,RUSSIA,4
1971,9.0,8.0,16.0,59.0,52.6,1.0,16.0,46.3,140.9,6.2,RUSSIA,4
1971,9.0,27.0,19.0,1.0,45.3,1.0,21.0,46.4,141.1,6.0,RUSSIA,4
1971,12.0,15.0,8.0,29.0,55.3,1.0,33.0,56,163.3,7.8,RUSSIA,4
1972,1.0,25.0,2.0,6.0,23.3,1.0,33.0,22.5,122.3,7.5,TAIWAN,4
1972,2.0,29.0,9.0,22.0,59.8,1.0,56.0,33.3,140.8,7.4,JAPAN,4
1972,8.0,17.0,23.0,44.0,5.9,1.0,10.0,-6,152.9,7.1,PAPUA NEW GUINEA,4
1972,12.0,4.0,10.0,16.0,12.0,1.0,66.0,33.3,140.7,7.4,JAPAN,4
1973,1.0,30.0,21.0,1.0,12.5,1.0,43.0,18.48,-103,7.5,MEXICO,4
1973,2.0,28.0,6.0,37.0,49.5,1.0,27.0,50.5,156.6,7.2,RUSSIA,4
1973,3.0,17.0,8.0,30.0,51.8,1.0,33.0,13.4,122.8,7.5,PHILIPPINES,4
1973,6.0,17.0,3.0,55.0,2.9,1.0,48.0,43.2,145.8,7.7,JAPAN,4
1973,6.0,24.0,2.0,43.0,25.5,1.0,50.0,43.3,146.4,7.1,RUSSIA,4
1973,10.0,5.0,5.0,47.0,51.1,1.0,14.0,-32.5,-71.5,6.7,CHILE,4
1974,1.0,31.0,23.0,30.0,5.3,1.0,34.0,-7.5,155.9,7.0,SOLOMON ISLANDS,4
1974,2.0,1.0,3.0,12.0,33.1,1.0,40.0,-7.4,155.6,7.1,SOLOMON ISLANDS,4
1974,5.0,8.0,23.0,33.0,25.2,1.0,2.0,34.6,138.7,6.7,JAPAN,4
1974,9.0,27.0,5.0,47.0,29.4,1.0,43.0,43.2,146.7,6.7,RUSSIA,4
1974,10.0,3.0,14.0,21.0,29.1,1.0,13.0,-12.27,-77.79,8.1,PERU,4
1975,5.0,26.0,9.0,11.0,51.5,1.0,33.0,35997,-17649,7.7,ATLANTIC OCEAN,4
1975,6.0,10.0,13.0,47.0,14.5,1.0,15.0,43024,147734,7.0,RUSSIA,4
1975,7.0,20.0,14.0,37.0,39.9,1.0,49.0,-6.59,155054,7.9,PAPUA NEW GUINEA,4
1975,10.0,31.0,8.0,28.0,2.6,1.0,50.0,12.54,125993,7.6,PHILIPPINES,4
1975,12.0,26.0,15.0,56.0,38.7,1.0,33.0,-16265,-172467,7.8,SAMOA,4
1976,1.0,14.0,16.0,47.0,33.5,1.0,33.0,-28427,-177657,8.0,NEW ZEALAND,4
1976,1.0,21.0,10.0,5.0,24.1,1.0,41.0,44915,149123,7.0,RUSSIA,4
1976,2.0,4.0,9.0,1.0,43.4,1.0,5.0,15324,-89101,7.5,GUATEMALA,4
1976,8.0,16.0,16.0,11.0,7.3,1.0,33.0,6292,124.09,8.0,PHILIPPINES,4
1977,4.0,2.0,7.0,15.0,22.7,1.0,33.0,-16696,-172095,7.6,SAMOA,4
1977,4.0,20.0,23.0,13.0,10.4,1.0,33.0,-9828,163323,6.8,SOLOMON ISLANDS,4
1977,4.0,20.0,23.0,42.0,50.5,1.0,19.0,-9.89,160348,7.6,SOLOMON ISLANDS,4
1977,4.0,21.0,4.0,24.0,9.6,1.0,33.0,-9965,160731,8.1,SOLOMON ISLANDS,4
1977,6.0,22.0,12.0,8.0,33.4,1.0,65.0,-22878,-175.9,7.2,TONGA,4
1977,8.0,19.0,6.0,8.0,55.2,1.0,33.0,-11085,118464,8.0,INDONESIA,4
1978,3.0,22.0,0.0,50.0,32.2,1.0,33.0,44026,149002,6.7,RUSSIA,4
1978,3.0,22.0,21.0,34.0,33.4,1.0,33.0,44.14,149029,6.6,RUSSIA,4
1978,3.0,23.0,0.0,31.0,2.1,1.0,46.0,44209,148971,6.8,RUSSIA,4
1978,3.0,23.0,3.0,15.0,20.3,1.0,33.0,44932,148439,7.5,RUSSIA,4
1978,3.0,24.0,19.0,47.0,50.7,1.0,33.0,44244,148862,7.6,RUSSIA,4
1978,6.0,12.0,8.0,14.0,26.4,1.0,44.0,38.19,142.03,7.7,JAPAN,4
1978,8.0,14.0,14.0,17.0,50.4,1.0,30.0,36.37,-6.98,4.4,SPAIN,4
1979,2.0,20.0,6.0,32.0,32.2,1.0,10.0, JAPAN,40232,6.4,JAPAN,4
1979,3.0,14.0,11.0,7.0,16.3,1.0,49.0,17813,-101276,7.6,MEXICO,4
1979,4.0,15.0,6.0,19.0,44.1,1.0,10.0,42096,19209,6.9,MONTENEGRO,4
1979,9.0,12.0,5.0,17.0,51.4,1.0,5.0,-1679,136.04,7.9,INDONESIA,4
1979,12.0,12.0,7.0,59.0,3.3,1.0,24.0, PACIFIC OCEAN,1598,7.7,COLOMBIA,4
1980,1.0,1.0,16.0,42.0,42.1,1.0,13.0,38727,-27.75,6.9,PORTUGAL,4
1980,2.0,23.0,5.0,51.0,3.2,1.0,44.0,43.53,146753,7.0,RUSSIA,4
1980,6.0,29.0,7.0,20.0,5.5,1.0,15.0,34808,139181,6.2,JAPAN,4
1980,7.0,17.0,19.0,42.0,23.2,1.0,33.0,-12525,165916,7.9,SOLOMON ISLANDS,4
1981,2.0,24.0,20.0,53.0,38.4,1.0,33.0,38222,22934,6.7,GREECE,4
1981,5.0,25.0,5.0,25.0,14.4,1.0,33.0,-48786,164357,7.6,NEW ZEALAND,4
1981,9.0,1.0,9.0,29.0,31.5,1.0,25.0,-14.96,-173085,7.7,SAMOA,4
1981,10.0,25.0,3.0,22.0,15.5,1.0,28.0,18084,-102084,7.3,MEXICO,4
1982,3.0,21.0,2.0,32.0,7.7,1.0,44.0,42158,142361,6.9,JAPAN,4
1982,7.0,23.0,14.0,23.0,53.5,1.0,37.0, JAPAN,36194,7.2,JAPAN,4
1982,12.0,19.0,17.0,43.0,54.8,1.0,33.0,-24133,-175864,7.5,TONGA,4
1982,12.0,28.0,6.0,37.0,42.5,1.0,22.0,33826,139434,6.4,JAPAN,4
1983,3.0,12.0,1.0,36.0,35.8,1.0,17.0,-4056,127924,6.9,INDONESIA,4
1983,3.0,18.0,9.0,5.0,50.0,1.0,89.0,-4883,153581,7.9,PAPUA NEW GUINEA,4
1983,5.0,26.0,2.0,59.0,59.6,1.0,24.0, JAPAN,40462,7.8,JAPAN,4
1983,6.0,9.0,12.0,49.0,3.8,1.0,26.0, JAPAN,40249,5.9,JAPAN,4
1983,6.0,21.0,6.0,25.0,27.3,1.0,10.0,41346,139099,6.9,JAPAN,4
1983,8.0,17.0,10.0,55.0,54.1,1.0,63.0, RUSSIA,55867,7.1,RUSSIA,4
1983,8.0,17.0,12.0,17.0,56.0,1.0,29.0,18231,120.86,6.6,PHILIPPINES,4
1983,10.0,4.0,18.0,52.0,13.3,1.0,15.0,-26535,-70563,7.7,CHILE,4
1983,11.0,30.0,17.0,46.0,0.6,1.0,10.0,-6852,72.11,7.7,UK TERRITORY,4
1984,2.0,11.0,8.0,2.0,51.5,1.0,29.0, GREECE,38396,5.4,GREECE,4
1984,3.0,24.0,9.0,44.0,2.6,1.0,44.0,44117,148192,7.2,RUSSIA,4
1984,6.0,13.0,2.0,29.0,25.3,1.0,41.0, OKINAWA,31448,5.5,JAPAN,4
1984,8.0,6.0,19.0,6.0,38.3,1.0,46.0, JAPAN,32386,7.0,JAPAN,4
1984,9.0,18.0,17.0,2.0,44.3,1.0,48.0,34006,141.5,6.9,JAPAN,4
1984,12.0,28.0,10.0,37.0,53.7,1.0,33.0,56194,163.46,6.8,RUSSIA,4
1985,3.0,3.0,22.0,47.0,9.5,1.0,33.0,-33132,-71708,8.0,CHILE,4
1985,3.0,16.0,14.0,54.0,0.7,1.0,13.0,17013,-62448,6.4,GUADELOUPE (FRENCH TERRITORY),4
1985,9.0,19.0,13.0,17.0,47.3,1.0,28.0,18.19,-102533,8.0,MEXICO,4
1985,9.0,21.0,1.0,37.0,13.4,1.0,31.0,17802,-101647,7.6,MEXICO,4
1986,5.0,7.0,22.0,47.0,10.8,1.0,31.0, AK,51.52,8.0,USA,4
1986,10.0,20.0,6.0,46.0,9.9,1.0,29.0,-28117,-176367,7.8,NEW ZEALAND,4
1986,11.0,14.0,21.0,20.0,10.5,1.0,34.0,23901,121574,7.8,TAIWAN,4
1987,2.0,6.0,13.0,16.0,17.8,1.0,48.0,36988,141689,6.7,JAPAN,4
1987,2.0,8.0,18.0,33.0,58.3,1.0,55.0,-6088,147689,7.4,PAPUA NEW GUINEA,4
1987,3.0,5.0,9.0,17.0,5.2,1.0,62.0,-24388,-70161,7.6,CHILE,4
1987,3.0,18.0,3.0,36.0,30.3,1.0,54.0,32034,131837,6.7,JAPAN,4
1987,3.0,24.0,12.0,49.0,47.0,1.0,23.0,37447,137865,5.1,JAPAN,4
1987,10.0,6.0,4.0,19.0,6.0,1.0,16.0,-17.94,-172225,7.3,TONGA,4
1987,10.0,12.0,13.0,57.0,4.7,1.0,25.0,-7288,154371,7.0,PAPUA NEW GUINEA,4
1987,10.0,16.0,20.0,48.0,1.6,1.0,48.0,-6266,149.06,7.4,PAPUA NEW GUINEA,4
1987,11.0,17.0,8.0,46.0,53.3,1.0,10.0, AK,58586,7.2,USA,4
1987,11.0,30.0,19.0,23.0,19.5,1.0,10.0, AK,58679,7.9,USA,4
1988,2.0,5.0,14.0,1.0,2.7,1.0,37.0,-24753,-70433,7.2,CHILE,4
1988,3.0,6.0,22.0,35.0,36.9,1.0,15.0, AK,57262,7.8,USA,4
1988,6.0,24.0,2.0,6.0,26.3,1.0,53.0,18606,121013,5.4,PHILIPPINES,4
1988,7.0,5.0,20.0,32.0,7.2,1.0,53.0,-5964,148.78,6.8,PAPUA NEW GUINEA,4
1988,8.0,10.0,4.0,38.0,29.2,1.0,36.0,-10258,160896,7.6,SOLOMON ISLANDS,4
1989,5.0,23.0,10.0,54.0,46.3,1.0,10.0,-52341,160568,8.1,AUSTRALIA,4
1989,9.0,4.0,13.0,14.0,58.2,1.0,11.0, AK,55543,7.1,USA,4
1989,10.0,18.0,0.0,4.0,15.2,1.0,19.0,37036,-121883,6.9,USA,4
1989,10.0,29.0,5.0,25.0,38.2,1.0,10.0,39571,143333,6.5,JAPAN,4
1990,2.0,8.0,7.0,15.0,32.2,1.0,26.0,9755,124694,6.6,PHILIPPINES,4
1990,2.0,20.0,6.0,53.0,39.8,1.0,14.0,34706,139252,6.4,JAPAN,4
1990,3.0,25.0,13.0,22.0,55.6,1.0,22.0,9919,-84808,7.0,COSTA RICA,4
1990,4.0,5.0,21.0,12.0,35.5,1.0,11.0, N. MARIANA ISLANDS,15125,7.5,USA TERRITORY,4
1990,9.0,23.0,21.0,13.0,7.4,1.0,10.0, IZU IS., JAPAN,6.5,JAPAN,4
1990,12.0,13.0,0.0,24.0,25.7,1.0,11.0,37.3,15438,5.3,ITALY,4
1990,12.0,13.0,19.0,50.0,17.8,1.0,10.0,23722,121627,6.3,TAIWAN,4
1991,2.0,9.0,16.0,18.0,58.3,1.0,10.0,-9929,159139,6.9,SOLOMON ISLANDS,4
1991,2.0,16.0,1.0,23.0,40.4,1.0,39.0,48268,154328,5.7,RUSSIA,4
1991,2.0,21.0,2.0,35.0,34.0,1.0,20.0, AK,58427,6.7,USA,4
1991,4.0,22.0,21.0,56.0,51.8,1.0,10.0, PANDORA,9685,7.6,COSTA RICA,4
1991,10.0,14.0,15.0,58.0,12.7,1.0,23.0,-9094,158442,7.2,SOLOMON ISLANDS,4
1992,4.0,25.0,18.0,6.0,4.2,1.0,15.0, N. CALIFORNIA,40368,7.2,USA,4
1992,5.0,17.0,10.0,15.0,31.3,1.0,33.0,7191,126762,7.3,PHILIPPINES,4
1992,5.0,27.0,5.0,13.0,38.8,1.0,19.0,-11122,165239,7.1,SOLOMON ISLANDS,4
1992,7.0,18.0,8.0,36.0,58.7,1.0,29.0,39419,143.33,7.0,JAPAN,4
1992,9.0,2.0,0.0,16.0,2.8,1.0,40.0,11727,-87386,7.7,NICARAGUA,4
1992,12.0,12.0,5.0,29.0,26.3,1.0,28.0,-8.48,121896,7.8,INDONESIA,4
1993,2.0,7.0,13.0,27.0,42.0,1.0,11.0,37634,137245,6.3,JAPAN,4
1993,6.0,8.0,13.0,3.0,36.4,1.0,71.0,51218,157829,7.5,RUSSIA,4
1993,7.0,12.0,13.0,17.0,11.9,1.0,17.0,42851,139197,7.7,JAPAN,4
1993,8.0,7.0,19.0,42.0,41.9,1.0,13.0,41985,139839,6.3,JAPAN,4
1993,8.0,8.0,8.0,34.0,24.9,1.0,59.0, MARIANA ISLANDS,12982,7.8,USA TERRITORY,4
1993,11.0,13.0,1.0,18.0,4.1,1.0,34.0,51934,158647,7.0,RUSSIA,4
1994,1.0,21.0,2.0,24.0,29.9,1.0,20.0,1015,127733,7.0,INDONESIA,4
1994,4.0,8.0,1.0,10.0,40.8,1.0,13.0,40608,143683,6.4,JAPAN,4
1994,6.0,2.0,18.0,17.0,34.0,1.0,18.0,-10477,112835,7.8,INDONESIA,4
1994,6.0,3.0,21.0,6.0,59.8,1.0,26.0,-10362,112892,6.6,INDONESIA,4
1994,6.0,5.0,1.0,45.0,2.7,1.0,17.0,-10341,113369,6.1,INDONESIA,4
1994,9.0,1.0,15.0,15.0,53.0,1.0,10.0,40402,-125.68,7.0,USA,4
1994,10.0,4.0,13.0,22.0,55.8,1.0,14.0,43773,147321,8.3,RUSSIA,4
1994,10.0,8.0,21.0,44.0,7.2,1.0,17.0,-1258,127.98,6.8,INDONESIA,4
1994,10.0,9.0,7.0,55.0,39.5,1.0,33.0,43905,147916,7.3,RUSSIA,4
1994,11.0,14.0,19.0,15.0,30.6,1.0,32.0,13525,121067,7.1,PHILIPPINES,4
1994,12.0,28.0,12.0,19.0,23.0,1.0,27.0, JAPAN,40525,7.8,JAPAN,4
1995,1.0,16.0,20.0,46.0,52.1,1.0,22.0, JAPAN,34583,6.9,JAPAN,4
1995,4.0,7.0,22.0,6.0,56.8,1.0,21.0,-15199,-173529,7.4,SAMOA,4
1995,4.0,21.0,0.0,34.0,46.0,1.0,21.0,12059,125.58,7.2,PHILIPPINES,4
1995,4.0,21.0,5.0,17.0,1.3,1.0,23.0,12047,125.92,6.8,PHILIPPINES,4
1995,5.0,16.0,20.0,12.0,44.2,1.0,20.0,-23008,169.9,7.7,NEW CALEDONIA,4
1995,5.0,27.0,13.0,3.0,52.6,1.0,11.0,52629,142827,7.1,RUSSIA,4
1995,7.0,30.0,5.0,11.0,23.6,1.0,46.0,-23.34,-70294,8.0,CHILE,4
1995,8.0,16.0,10.0,27.0,28.6,1.0,30.0,-5799,154178,7.7,PAPUA NEW GUINEA,4
1995,10.0,9.0,15.0,35.0,53.9,1.0,33.0,19055,-104205,8.0,MEXICO,4
1995,10.0,18.0,10.0,37.0,26.3,1.0,28.0,27929,130175,7.1,JAPAN,4
1995,11.0,1.0,0.0,35.0,32.7,1.0,20.0,-28906,-71417,6.7,CHILE,4
1995,11.0,22.0,4.0,15.0,11.9,1.0,10.0,28826,34799,7.2,EGYPT,4
1995,12.0,3.0,18.0,1.0,8.9,1.0,33.0,44663,149.3,7.9,RUSSIA,4
1996,1.0,1.0,8.0,5.0,10.8,1.0,24.0,.729,119931,7.9,INDONESIA,4
1996,2.0,17.0,5.0,59.0,30.5,1.0,33.0,-.891,136952,8.2,INDONESIA,4
1996,2.0,21.0,12.0,51.0,1.3,1.0,10.0,-9593,-79587,7.5,PERU,4
1996,2.0,25.0,3.0,8.0,15.8,1.0,21.0,15978,-98.07,7.1,MEXICO,4
1996,6.0,10.0,4.0,3.0,35.4,1.0,33.0, AK,51564,7.9,USA,4
1996,6.0,10.0,15.0,24.0,56.0,1.0,24.0, AK,51478,7.3,USA,4
1996,9.0,4.0,18.0,16.0,1.9,1.0,33.0,31555,139931,5.7,JAPAN,4
1996,9.0,5.0,8.0,14.0,14.4,1.0,10.0,-22118,-113436,6.9,CHILE,4
1996,9.0,5.0,23.0,42.0,6.0,1.0,20.0,21898,121498,6.8,TAIWAN,4
1996,10.0,18.0,10.0,50.0,20.8,1.0,10.0,30568,131093,6.6,JAPAN,4
1996,10.0,19.0,14.0,44.0,40.7,1.0,22.0,31885,131468,6.7,JAPAN,4
1996,11.0,12.0,16.0,59.0,44.0,1.0,33.0,-14993,-75675,7.7,PERU,4
1996,12.0,2.0,22.0,17.0,59.2,1.0,49.0,31789,131314,6.7,JAPAN,4
1997,4.0,21.0,12.0,2.0,26.4,1.0,33.0,-12584,166676,7.7,SOLOMON ISLANDS,4
1997,9.0,30.0,6.0,27.0,24.7,1.0,10.0,31959,141878,6.2,JAPAN,4
1997,10.0,14.0,9.0,53.0,18.1,1.0,167.0,-22.1,-176.77,7.7,TONGA,4
1997,12.0,5.0,11.0,26.0,54.6,1.0,33.0,54841,162035,7.8,RUSSIA,4
1998,5.0,3.0,23.0,30.0,21.9,1.0,33.0,22306,125308,7.5,TAIWAN,4
1999,8.0,17.0,0.0,1.0,39.1,1.0,13.0, TURKEY,40.76,7.6,TURKEY,4
1999,11.0,26.0,13.0,21.0,15.5,1.0,33.0,-16423,168214,7.5,VANUATU,4
2000,5.0,4.0,4.0,21.0,16.2,1.0,26.0,-1105,123573,7.6,INDONESIA,4
2000,6.0,18.0,14.0,44.0,13.3,1.0,10.0,-13802,97453,7.9,AUSTRALIA,4
2000,7.0,1.0,7.0,1.0,55.5,1.0,10.0, HONSHU,34221,6.1,JAPAN,4
2000,7.0,15.0,1.0,30.0,30.5,1.0,10.0,34319,139.26,6.1,JAPAN,4
2000,7.0,30.0,12.0,25.0,45.5,1.0,10.0,33901,139376,6.5,JAPAN,4
2000,11.0,16.0,4.0,54.0,55.9,1.0,17.0,-4001,152327,8.0,PAPUA NEW GUINEA,4
2001,6.0,23.0,20.0,33.0,14.1,1.0,33.0,-16265,-73641,8.4,PERU,4
2001,10.0,12.0,5.0,2.0,34.0,1.0,20.0,52.63,-132.2,6.1,CANADA,4
2001,12.0,18.0,4.0,2.0,58.2,1.0,14.0,23954,122734,6.8,TAIWAN,4
2002,1.0,2.0,17.0,22.0,48.7,1.0,21.0,-17.6,167856,7.2,VANUATU,4
2002,3.0,5.0,21.0,16.0,9.1,1.0,31.0, PHILIPPINES,6033,7.5,PHILIPPINES,4
2002,3.0,31.0,6.0,52.0,50.4,1.0,33.0,24279,122179,7.1,TAIWAN,4
2002,9.0,8.0,18.0,44.0,25.5,1.0,13.0,-3.26,142.94,7.6,PAPUA NEW GUINEA,4
2002,9.0,13.0,22.0,28.0,29.4,1.0,21.0, INDIA,13036,6.5,INDIA,4
2003,1.0,20.0,8.0,43.0,6.0,1.0,33.0,-10491,160.77,7.3,SOLOMON ISLANDS,4
2003,1.0,22.0,2.0,6.0,34.6,1.0,24.0,18.77,-104104,7.5,MEXICO,4
2003,5.0,21.0,18.0,44.0,20.1,1.0,12.0,36964,3634,6.8,ALGERIA,4
2003,5.0,27.0,17.0,11.0,28.8,1.0,8.0,36939,3578,5.7,ALGERIA,4
2003,9.0,25.0,19.0,50.0,6.3,1.0,27.0,41815,143.91,8.3,JAPAN,4
2003,10.0,31.0,1.0,6.0,28.2,1.0,10.0,37812,142619,7.0,JAPAN,4
2003,11.0,17.0,6.0,43.0,6.8,1.0,33.0, ALEUTIAN ISLANDS, AK,7.8,USA,4
2003,12.0,27.0,4.0,55.0,25.4,1.0,10.0,-22107,169.35,6.1,NEW CALEDONIA,4
2004,1.0,28.0,22.0,15.0,30.7,1.0,17.0,-3.12,127.4,6.7,INDONESIA,4
2004,2.0,11.0,8.0,15.0,3.8,1.0,27.0,31675,35551,5.3,JORDAN,4
2004,9.0,5.0,10.0,7.0,7.8,1.0,14.0,33.07,136618,7.2,JAPAN,4
2004,9.0,5.0,14.0,57.0,18.6,1.0,10.0,33184,137071,7.4,JAPAN,4
2004,11.0,2.0,10.0,2.0,12.8,1.0,10.0,49277,-128772,6.6,CANADA,4
2004,11.0,11.0,21.0,26.0,41.1,1.0,10.0,-8152,124868,7.5,INDONESIA,4
2004,11.0,21.0,11.0,41.0,7.7,1.0,14.0, LES SAINTES,15679,6.3,GUADELOUPE (FRENCH TERRITORY),4
2004,11.0,22.0,20.0,26.0,23.9,1.0,10.0,-46676,164721,7.1,NEW ZEALAND,4
2004,11.0,28.0,18.0,32.0,14.1,1.0,39.0,43006,145119,7.0,JAPAN,4
2004,12.0,23.0,14.0,59.0,4.4,1.0,10.0,-49312,161345,8.1,AUSTRALIA,4
2004,12.0,26.0,0.0,58.0,53.4,1.0,30.0,3316,95854,9.1,INDONESIA,4
2005,1.0,19.0,6.0,11.0,36.4,1.0,28.0,34064,141491,6.6,JAPAN,4
2005,3.0,28.0,16.0,9.0,36.5,1.0,30.0,2085,97108,8.6,INDONESIA,4
2005,4.0,10.0,10.0,29.0,11.2,1.0,19.0,-1644,99607,6.7,INDONESIA,4
2005,6.0,15.0,2.0,50.0,53.1,1.0,10.0,41301,-125.97,7.2,USA,4
2005,8.0,16.0,2.0,46.0,28.4,1.0,36.0,38276,142039,7.2,JAPAN,4
2005,11.0,14.0,21.0,38.0,51.4,1.0,11.0,38107,144896,7.0,JAPAN,4
2006,3.0,14.0,6.0,57.0,33.8,1.0,30.0,-3595,127214,6.7,INDONESIA,4
2006,5.0,3.0,15.0,26.0,40.2,1.0,55.0,-20187,-174123,8.0,TONGA,4
2006,7.0,17.0,8.0,19.0,28.7,1.0,34.0,-9254,107411,7.7,INDONESIA,4
2006,9.0,28.0,6.0,22.0,9.7,1.0,28.0,-16592,-172033,6.9,SAMOA,4
2006,10.0,15.0,17.0,7.0,49.2,1.0,39.0,19878,-155935,6.7,USA,4
2006,11.0,15.0,11.0,14.0,13.5,1.0,10.0,46592,153266,8.3,RUSSIA,4
2006,12.0,26.0,12.0,26.0,21.4,1.0,10.0,21799,120547,7.0,CHINA,4
2007,1.0,13.0,4.0,23.0,21.1,1.0,10.0,46243,154524,8.1,RUSSIA,4
2007,3.0,25.0,0.0,40.0,1.6,1.0,34.0,-20617,169357,7.1,VANUATU,4
2007,3.0,25.0,0.0,41.0,57.8,1.0,8.0,37336,136588,6.7,JAPAN,4
2007,4.0,1.0,20.0,39.0,56.3,1.0,10.0,-8.46,157044,8.1,SOLOMON ISLANDS,4
2007,7.0,16.0,1.0,13.0,22.0,1.0,10.0,37.57,138478,6.6,JAPAN,4
2007,8.0,2.0,2.0,37.0,42.3,1.0,5.0,47116,141798,6.2,RUSSIA,4
2007,8.0,2.0,3.0,21.0,42.8,1.0,21.0, AK,51307,6.7,USA,4
2007,8.0,15.0,23.0,40.0,57.8,1.0,39.0,-13386,-76603,8.0,PERU,4
2007,9.0,2.0,1.0,5.0,18.1,1.0,35.0,-11.61,165762,7.2,SOLOMON ISLANDS,4
2007,9.0,12.0,11.0,10.0,26.8,1.0,34.0,-4438,101367,8.4,INDONESIA,4
2007,9.0,30.0,5.0,23.0,34.0,1.0,10.0,-49418,163954,7.4,NEW ZEALAND,4
2007,11.0,14.0,15.0,40.0,50.5,1.0,40.0,-22247,-69.89,7.7,CHILE,4
2007,12.0,9.0,7.0,28.0,20.8,1.0,153.0,-25996,-177514,7.8,KERMADEC ISLANDS,4
2008,2.0,25.0,8.0,36.0,33.0,1.0,25.0,-2486,99972,6.5,INDONESIA,4
2008,4.0,9.0,12.0,46.0,12.7,1.0,35.0,-20071,168892,7.3,NEW CALEDONIA,4
2008,7.0,19.0,2.0,39.0,28.7,1.0,22.0,37552,142214,6.9,JAPAN,4
2008,9.0,11.0,0.0,20.0,50.9,1.0,25.0,41892,143754,6.8,JAPAN,4
2008,11.0,16.0,17.0,2.0,32.7,1.0,30.0,1271,122091,7.3,INDONESIA,4
2009,1.0,3.0,19.0,43.0,50.6,1.0,17.0,-.414,132885,7.6,INDONESIA,4
2009,1.0,15.0,17.0,49.0,39.0,1.0,36.0,46857,155154,7.4,RUSSIA,4
2009,2.0,11.0,17.0,34.0,50.8,1.0,22.0,3884,126397,7.2,INDONESIA,4
2009,3.0,19.0,18.0,17.0,40.9,1.0,34.0,-23046,-174659,7.6,TONGA,4
2009,5.0,28.0,8.0,24.0,45.0,1.0,10.0,16.72,-86236,7.3,HONDURAS,4
2009,7.0,1.0,9.0,30.0,10.4,1.0,19.0,34164,25471,6.4,GREECE,4
2009,7.0,15.0,9.0,22.0,29.0,1.0,12.0,-45762,166562,7.8,NEW ZEALAND,4
2009,8.0,10.0,20.0,7.0,9.1,1.0,40.0,34743,138264,6.4,JAPAN,4
2009,8.0,16.0,7.0,38.0,21.7,1.0,20.0,-1479,99.49,6.7,INDONESIA,4
2009,9.0,29.0,17.0,48.0,10.9,1.0,18.0,-15489,-172095,8.1,SAMOA,4
2009,9.0,30.0,10.0,16.0,9.2,1.0,81.0,-.72,99867,7.5,INDONESIA,4
2009,10.0,7.0,22.0,3.0,14.4,1.0,45.0,-13006,166.51,7.6,VANUATU,4
2010,1.0,3.0,21.0,48.0,5.3,1.0,26.0,-8743,157477,6.6,SOLOMON ISLANDS,4
2010,1.0,3.0,22.0,36.0,27.9,1.0,25.0,-8799,157346,7.1,SOLOMON ISLANDS,4
2010,1.0,5.0,12.0,15.0,32.2,1.0,15.0,-9019,157551,6.8,SOLOMON ISLANDS,4
2010,2.0,27.0,6.0,34.0,11.5,1.0,23.0,-36122,-72898,8.8,CHILE,4
2010,3.0,11.0,14.0,39.0,43.9,1.0,11.0,-34.29,-71891,6.9,CHILE,4
2010,4.0,6.0,22.0,15.0,1.5,1.0,31.0,2383,97048,7.8,INDONESIA,4
2010,6.0,12.0,19.0,26.0,50.4,1.0,35.0,7881,91936,7.5,INDIA,4
2010,8.0,10.0,5.0,23.0,44.9,1.0,25.0,-17541,168069,7.2,VANUATU,4
2010,8.0,13.0,21.0,19.0,33.0,1.0,10.0, MARIANA ISLANDS,12484,6.9,USA TERRITORY,4
2010,10.0,25.0,14.0,42.0,22.0,1.0,20.0,-3487,100082,7.8,INDONESIA,4
2010,12.0,21.0,17.0,19.0,40.6,1.0,14.0,26901,143698,7.4,JAPAN,4
2010,12.0,25.0,13.0,16.0,37.0,1.0,16.0,-19702,167947,7.3,VANUATU,4
2011,1.0,9.0,10.0,3.0,44.2,1.0,24.0,-19157,168311,6.5,VANUATU,4
2011,2.0,11.0,20.0,5.0,30.7,1.0,28.0,-36474,-73125,6.8,CHILE,4
2011,3.0,9.0,2.0,45.0,20.3,1.0,32.0,38435,142842,7.5,JAPAN,4
2011,3.0,11.0,5.0,46.0,24.1,1.0,30.0,38297,142372,9.1,JAPAN,4
2011,4.0,7.0,14.0,32.0,43.2,1.0,42.0,38276,141588,7.1,JAPAN,4
2011,6.0,24.0,3.0,9.0,39.4,1.0,52.0, ALEUTIAN ISLANDS, AK,7.3,USA,4
2011,7.0,6.0,19.0,3.0,18.2,1.0,17.0,-29539,-176.34,7.6,NEW ZEALAND,4
2011,7.0,10.0,0.0,57.0,10.8,1.0,23.0,38034,143264,7.0,JAPAN,4
2011,8.0,20.0,16.0,55.0,2.5,1.0,32.0,-18365,168143,7.1,VANUATU,4
2011,8.0,20.0,18.0,19.0,23.5,1.0,28.0,-18311,168218,7.0,VANUATU,4
2011,9.0,2.0,10.0,55.0,53.5,1.0,32.0, ALEUTIAN ISLANDS, AK,6.8,USA,4
2011,10.0,21.0,17.0,57.0,16.1,1.0,33.0,-28993,-176238,7.4,NEW ZEALAND,4
2012,2.0,2.0,13.0,34.0,40.6,1.0,23.0,-17827,167133,7.0,VANUATU,4
2012,3.0,14.0,9.0,8.0,35.1,1.0,12.0,40887,144944,6.9,JAPAN,4
2012,3.0,20.0,18.0,2.0,47.4,1.0,20.0,16493,-98231,7.4,MEXICO,4
2012,4.0,11.0,8.0,38.0,36.7,1.0,20.0,2327,93063,8.6,INDONESIA,4
2012,4.0,11.0,10.0,43.0,10.8,1.0,25.0,.802,92463,8.2,INDONESIA,4
2012,4.0,14.0,22.0,5.0,26.4,1.0,11.0,-18972,168741,6.3,VANUATU,4
2012,8.0,27.0,4.0,37.0,19.4,1.0,28.0,12139,-88.59,7.3,EL SALVADOR,4
2012,8.0,31.0,12.0,47.0,33.3,1.0,28.0,10811,126638,7.6,PHILIPPINES,4
2012,9.0,5.0,14.0,42.0,7.8,1.0,35.0,10085,-85315,7.6,COSTA RICA,4
2012,10.0,28.0,3.0,4.0,8.8,1.0,14.0,52788,-132101,7.7,CANADA,4
2012,11.0,7.0,16.0,35.0,46.9,1.0,24.0,13988,-91895,7.3,GUATEMALA,4
2012,12.0,7.0,8.0,18.0,23.1,1.0,31.0,37.89,143949,7.2,JAPAN,4
2013,1.0,5.0,8.0,58.0,19.3,1.0,10.0, AK,55393,7.5,USA,4
2013,2.0,6.0,1.0,12.0,25.8,1.0,24.0,-10766,165114,7.9,SOLOMON ISLANDS,4
2013,2.0,8.0,15.0,26.0,38.4,1.0,21.0,-10928,166018,7.0,SOLOMON ISLANDS,4
2013,7.0,21.0,5.0,9.0,31.4,1.0,17.0,-41704,174337,6.5,NEW ZEALAND,4
2013,8.0,16.0,2.0,31.0,47.0,1.0,10.0,-41731,174027,6.5,NEW ZEALAND,4
2013,10.0,25.0,17.0,10.0,0.0,1.0,10.0,37.2,144.6,7.1,JAPAN,4
2013,11.0,17.0,9.0,4.0,53.0,1.0,10.0,-60274,-46401,7.7,ANTARCTICA,4
2014,3.0,16.0,21.0,16.0,0.0,1.0,21.0,-19965,-70814,6.7,CHILE,4
2014,4.0,1.0,23.0,46.0,26.0,1.0,25.0,-19.61,-70769,8.2,CHILE,4
2014,4.0,3.0,2.0,43.0,11.0,1.0,22.0,-20571,-70493,7.7,CHILE,4
2014,4.0,12.0,20.0,14.0,3.0,1.0,23.0,-11.27,162148,7.6,SOLOMON ISLANDS,4
2014,4.0,13.0,12.0,36.0,23.0,1.0,39.0,-11463,162051,7.4,SOLOMON ISLANDS,4
2014,4.0,18.0,14.0,28.0,32.0,1.0,24.0,17397,-100972,7.2,MEXICO,4
2014,4.0,19.0,13.0,29.0,21.0,1.0,43.0,-6755,155024,7.5,PAPUA NEW GUINEA,4
2014,6.0,23.0,19.0,20.0,34.0,1.0,20.0, KERMADEC ISLANDS,-29977,6.9,NEW ZEALAND,4
2014,6.0,23.0,20.0,53.0,7.0,1.0,109.0, AK,51849,7.9,USA,4
2014,7.0,11.0,19.0,23.0,22.0,1.0,20.0,37005,142453,6.5,JAPAN,4
2014,7.0,25.0,10.0,55.0,12.0,1.0,10.0, AK,58306,6.1,USA,4
2014,10.0,9.0,2.0,14.0,44.0,1.0,16.0,-32108,-110811,7.0,CHILE,4
2014,10.0,14.0,3.0,51.0,46.0,1.0,40.0,12526,-88123,7.3,EL SALVADOR,4
2015,2.0,16.0,23.0,6.0,27.0,1.0,23.0,39856,142881,6.7,JAPAN,4
2015,2.0,19.0,13.0,18.0,32.0,1.0,10.0,-16431,168148,6.4,VANUATU,4
2015,3.0,29.0,23.0,48.0,1.0,1.0,41.0,-4729,152562,7.5,PAPUA NEW GUINEA,4
2015,7.0,10.0,4.0,12.0,54.0,1.0,12.0,-9307,158403,6.7,SOLOMON ISLANDS,4
2015,7.0,18.0,2.0,28.0,22.0,1.0,11.0,-10401,165141,7.0,SOLOMON ISLANDS,4
2015,7.0,27.0,4.0,49.0,0.0,1.0,23.0, ALEUTIAN ISLANDS, AK,6.9,USA,4
2015,9.0,16.0,22.0,55.0,26.0,1.0,22.0,-31573,-71674,8.3,CHILE,4
2015,11.0,11.0,1.0,54.0,0.0,1.0,33.0,-29.46,-72.12,6.9,CHILE,4
2015,11.0,13.0,20.0,51.0,3.0,1.0,12.0,31001,128873,6.7,JAPAN,4
2016,3.0,2.0,12.0,49.0,11.0,1.0,24.0,-4952,94.33,7.8,INDONESIA,4
2016,4.0,16.0,23.0,58.0,0.0,1.0,17.0,.35,-80.16,7.8,ECUADOR,4
2016,8.0,12.0,1.0,26.0,28.0,1.0,16.0,-22477,173117,7.2,NEW CALEDONIA,4
2016,9.0,1.0,16.0,37.0,3.0,1.0,19.0,-37359,179146,7.0,NEW ZEALAND,4
2016,11.0,13.0,11.0,2.0,34.0,1.0,15.0,-42737,173054,7.8,NEW ZEALAND,4
2016,11.0,21.0,20.0,59.0,27.0,1.0,9.0,37393,141387,6.9,JAPAN,4
2016,11.0,24.0,18.0,43.0,0.0,1.0,33.0,11.96,-88835,6.9,NICARAGUA,4
2016,12.0,8.0,17.0,38.0,28.0,1.0,40.0,-10681,161327,7.8,SOLOMON ISLANDS,4
2016,12.0,9.0,19.0,11.0,24.0,1.0,20.0,-10749,161132,6.9,SOLOMON ISLANDS,4
2016,12.0,17.0,10.0,51.0,5.0,1.0,95.0,-4505,153522,7.9,PAPUA NEW GUINEA,4
2016,12.0,25.0,14.0,22.0,0.0,1.0,30.0,-43517,-74391,7.6,CHILE,4
2017,1.0,3.0,21.0,53.0,7.0,1.0,12.0,-19373,176052,6.9,FIJI,4
2017,1.0,22.0,4.0,31.0,36.0,1.0,135.0,-6246,155172,7.9,PAPUA NEW GUINEA,4
2017,4.0,24.0,21.0,38.0,26.0,1.0,25.0,-33073,-72051,6.9,CHILE,4
2017,4.0,28.0,20.0,23.0,17.0,1.0,26.0, PHILIPPINES,5516,6.9,PHILIPPINES,4
2017,5.0,1.0,12.0,31.0,54.0,1.0,2.0, AK,59844,6.2,USA,4
2017,6.0,12.0,12.0,28.0,38.0,1.0,10.0,38932,26364,6.3,GREECE,4
2017,7.0,17.0,23.0,34.0,13.0,1.0,11.0,54472,168815,7.7,RUSSIA,4
2017,7.0,20.0,22.0,31.0,12.0,1.0,10.0,36949,27458,6.7,TURKEY,4
2017,9.0,8.0,4.0,49.0,19.0,1.0,47.0,15022,-93899,8.2,MEXICO,4
2017,10.0,31.0,0.0,42.0,6.0,1.0,11.0,-21.66,169203,6.8,NEW CALEDONIA,4
2017,11.0,1.0,2.0,23.0,56.0,1.0,10.0,-21.63,168884,6.6,NEW CALEDONIA,4
2017,11.0,19.0,22.0,43.0,29.0,1.0,10.0,-21334,168683,7.0,NEW CALEDONIA,4
2018,1.0,10.0,2.0,51.0,31.0,1.0,10.0,17474,-83519,7.5,HONDURAS,4
2018,1.0,14.0,9.0,18.0,45.0,1.0,36.0,-15776,-74744,7.1,PERU,4
2018,1.0,23.0,9.0,31.0,42.0,1.0,25.0, AK,56046,7.9,USA,4
2018,8.0,5.0,11.0,46.0,37.0,1.0,31.0,-8287,116452,6.9,INDONESIA,4
2018,8.0,19.0,0.0,19.0,37.0,1.0,563.0,-18178,-178111,8.2,FIJI,4
2018,8.0,29.0,3.0,51.0,56.0,1.0,27.0,-22066,170.05,7.1,NEW CALEDONIA,4
2018,10.0,25.0,22.0,54.0,51.0,1.0,14.0,37506,20563,6.8,GREECE,4
2018,12.0,5.0,4.0,18.0,8.0,1.0,10.0,-21969,169446,7.5,NEW CALEDONIA,4
2019,6.0,14.0,0.0,19.0,12.0,1.0,11.0,-30056,-72082,6.4,CHILE,4
2019,6.0,15.0,22.0,55.0,2.0,1.0,34.0, KERMADEC ISLANDS,-30805,7.2,NEW ZEALAND,4
2019,6.0,18.0,13.0,22.0,19.0,1.0,12.0,38646,139472,6.4,JAPAN,4
